Numero,Nombre,Posicion,Equipo,Partidos_jugados,Partidos_titular,Goles,Asistencias,Tarjetas_amarillas,Edad,Altura,ELO,Goles_por_partido,Asistencias_por_partido,Participacion_goles,Participacion_por_partido,Posición_Club,Aporte_Goles,Aporte_Puntos,RC,IDR,Impacto_Total
9.0,Jaime Barroso,Delanteros,Real Madrid U19,21,17,16.0,0.0,4.0,17.0,184.0,37,0.76,0.0,16.0,0.76,1,22.54,7.04,0.76,2.67,0.538
9.0,S. Esteban,Delanteros,Atlético U19,27,23,19.0,0.0,4.0,18.0,,43,0.7,0.0,19.0,0.7,2,23.17,8.36,0.66,2.44,0.521
9.0,Sule,Delanteros,Leganés U19,25,24,17.0,0.0,8.0,19.0,,41,0.68,0.0,17.0,0.68,3,26.56,10.79,0.6,1.04,0.496
27.0,M. Company,Centrocampistas,Real Madrid U19,2,0,1.0,0.0,0.0,16.0,,26,0.5,0.0,1.0,0.5,1,1.41,0.44,0.5,28.0,0.434
20.0,Gabriel Castrelo,Centrocampistas,Atlético U19,15,11,8.0,0.0,1.0,18.0,,44,0.53,0.0,8.0,0.53,2,9.76,3.52,0.5,4.4,0.388
16.0,M. Villafafila,Delanteros,Valladolid U19,21,14,13.0,0.0,3.0,19.0,185.0,43,0.62,0.0,13.0,0.62,5,26.53,9.13,0.47,0.14,0.443
23.0,Jesús Barrios,Centrocampistas,Atlético U19,30,25,14.0,0.0,2.0,19.0,,43,0.47,0.0,14.0,0.47,2,17.07,6.16,0.44,2.2,0.392
19.0,M. Cuéllar,Delanteros,Getafe U19,27,24,14.0,0.0,4.0,18.0,191.0,32,0.52,0.0,14.0,0.52,4,33.33,8.88,0.43,0.15,0.403
18.0,Tomy,Delanteros,Unión Adarve U19,17,14,10.0,0.0,3.0,18.0,,33,0.59,0.0,10.0,0.59,7,19.61,8.68,0.38,-0.06,0.41
7.0,Yuri Menac,Centrocampistas,Leganés U19,24,22,10.0,0.0,7.0,19.0,174.0,41,0.42,0.0,10.0,0.42,3,15.62,6.35,0.37,1.08,0.337
19.0,Pol Rivera,Delanteros,Real Madrid U19,26,14,9.0,0.0,5.0,18.0,,37,0.35,0.0,9.0,0.35,1,12.68,3.96,0.35,2.15,0.306
10.0,Jorge Rajado,Delanteros,Atlético U19,19,10,7.0,0.0,2.0,19.0,175.0,40,0.37,0.0,7.0,0.37,2,8.54,3.08,0.35,3.47,0.301
11.0,Aimar Santiago,Delanteros,Real Madrid U19,27,19,9.0,0.0,0.0,18.0,,40,0.33,0.0,9.0,0.33,1,12.68,3.96,0.33,2.07,0.297
29.0,Ariel Nkoghe,Defensas,Real Madrid U19,3,2,1.0,0.0,0.0,18.0,184.0,33,0.33,0.0,1.0,0.33,1,1.41,0.44,0.33,18.67,0.293
8.0,M. Pascual,Delanteros,Unión Adarve U19,2,0,1.0,0.0,0.0,19.0,,27,0.5,0.0,1.0,0.5,7,1.96,0.87,0.32,-0.5,0.304
30.0,Rubén Gómez,Centrocampistas,Atlético U19,6,0,2.0,0.0,0.0,15.0,,31,0.33,0.0,2.0,0.33,2,2.44,0.88,0.31,11.0,0.268
10.0,H. Castaño,Delanteros,Rayo Vallecano U19,18,17,8.0,0.0,1.0,19.0,,34,0.44,0.0,8.0,0.44,6,17.78,5.74,0.31,0.17,0.325
24.0,Iván Alonso,Delanteros,Rayo Vallecano U19,17,15,7.0,0.0,3.0,19.0,,39,0.41,0.0,7.0,0.41,6,15.56,5.02,0.29,0.18,0.303
10.0,Viti,Delanteros,La Cruz Villanovense U19,15,13,10.0,0.0,4.0,19.0,,43,0.67,0.0,10.0,0.67,11,28.57,8.92,0.28,-0.93,0.448
24.0,C. Ortiz,Delanteros,Real Madrid U19,4,0,1.0,0.0,0.0,19.0,,39,0.25,0.0,1.0,0.25,1,1.41,0.44,0.25,14.0,0.227
20.0,Erik Vázquez,Centrocampistas,Real Madrid U19,4,2,1.0,0.0,0.0,19.0,,36,0.25,0.0,1.0,0.25,1,1.41,0.44,0.25,14.0,0.227
14.0,C. Sall,Defensas,Rayo Majadahonda U19,10,8,8.0,0.0,2.0,,,29,0.8,0.0,8.0,0.8,13,25.0,7.54,0.24,-0.6,0.511
9.0,L. Simon,Delanteros,Las Rozas CF U19,25,24,13.0,0.0,2.0,19.0,,35,0.52,0.0,13.0,0.52,10,31.71,11.59,0.24,-0.44,0.393
8.0,Jorge Castillo,Centrocampistas,Atlético U19,25,20,6.0,0.0,1.0,19.0,180.0,44,0.24,0.0,6.0,0.24,2,7.32,2.64,0.23,2.64,0.239
18.0,Óscar Bazaga,Delanteros,Atlético U19,21,6,5.0,0.0,0.0,17.0,,39,0.24,0.0,5.0,0.24,2,6.1,2.2,0.23,3.14,0.228
7.0,Jairo Fernández,Delanteros,Atlético U19,21,11,5.0,0.0,1.0,19.0,178.0,38,0.24,0.0,5.0,0.24,2,6.1,2.2,0.23,3.14,0.228
9.0,Juan Bonilla,Delanteros,Valladolid U19,7,5,2.0,0.0,0.0,19.0,184.0,27,0.29,0.0,2.0,0.29,5,4.08,1.4,0.22,0.43,0.199
7.0,N. De La Carrera,Delanteros,Burgos U19,26,20,11.0,0.0,6.0,19.0,,38,0.42,0.0,11.0,0.42,9,25.58,9.55,0.22,-0.04,0.338
10.0,G. Siame,Centrocampistas,Leganés U19,8,6,2.0,0.0,0.0,19.0,,28,0.25,0.0,2.0,0.25,3,3.12,1.27,0.22,3.25,0.191
10.0,Pol Durán,Centrocampistas,Real Madrid U19,15,14,3.0,0.0,0.0,18.0,176.0,41,0.2,0.0,3.0,0.2,1,4.23,1.32,0.2,3.73,0.187
9.0,J. Borrella,Delanteros,Rayo Vallecano U19,21,13,6.0,0.0,6.0,19.0,,29,0.29,0.0,6.0,0.29,6,13.33,4.3,0.2,0.14,0.245
5.0,N. Linares,Centrocampistas,Leganés U19,22,21,5.0,0.0,4.0,19.0,,37,0.23,0.0,5.0,0.23,3,7.81,3.17,0.2,1.18,0.217
8.0,G. Rodriguez,Centrocampistas,Leganés U19,23,16,5.0,0.0,2.0,19.0,,38,0.22,0.0,5.0,0.22,3,7.81,3.17,0.19,1.13,0.214
8.0,Roberto Martín,Centrocampistas,Real Madrid U19,26,25,5.0,0.0,5.0,18.0,177.0,40,0.19,0.0,5.0,0.19,1,7.04,2.2,0.19,2.15,0.21
14.0,I. Navarro,Centrocampistas,Rayo Vallecano U19,22,21,6.0,0.0,4.0,19.0,,40,0.27,0.0,6.0,0.27,6,13.33,4.3,0.19,0.14,0.236
26.0,S. Salazar,Centrocampistas,Getafe U19,27,20,6.0,0.0,3.0,16.0,,30,0.22,0.0,6.0,0.22,4,14.29,3.81,0.18,0.15,0.223
18.0,Alejandro Notario,Delanteros,Leganés U19,5,0,1.0,0.0,0.0,19.0,,26,0.2,0.0,1.0,0.2,3,1.56,0.63,0.18,5.2,0.16
3.0,Diego Aguado,Defensas,Real Madrid U19,22,21,4.0,0.0,8.0,18.0,180.0,39,0.18,0.0,4.0,0.18,1,5.63,1.76,0.18,2.55,0.193
28.0,Noé,Centrocampistas,Leganés U19,5,3,1.0,0.0,1.0,18.0,,35,0.2,0.0,1.0,0.2,3,1.56,0.63,0.18,5.2,0.16
27.0,A. Pérez,Delanteros,Real Madrid U19,6,4,1.0,0.0,0.0,17.0,176.0,29,0.17,0.0,1.0,0.17,1,1.41,0.44,0.17,9.33,0.164
2.0,Jesús Fortea,Defensas,Real Madrid U19,19,17,3.0,0.0,3.0,18.0,179.0,48,0.16,0.0,3.0,0.16,1,4.23,1.32,0.16,2.95,0.173
7.0,E. Osorio,Centrocampistas,CD Diocesano U19,30,30,8.0,0.0,3.0,19.0,,44,0.27,0.0,8.0,0.27,8,24.24,6.95,0.16,-0.3,0.261
7.0,César Porras,Delanteros,Valladolid U19,16,9,3.0,0.0,0.0,18.0,,40,0.19,0.0,3.0,0.19,5,6.12,2.11,0.15,0.19,0.168
10.0,Y. San Miguel,Delanteros,Valladolid U19,25,19,5.0,0.0,0.0,19.0,170.0,35,0.2,0.0,5.0,0.2,5,10.2,3.51,0.15,0.12,0.204
21.0,V. Valdepeñas,Defensas,Real Madrid U19,13,12,2.0,0.0,1.0,18.0,187.0,44,0.15,0.0,2.0,0.15,1,2.82,0.88,0.15,4.31,0.153
7.0,Adrián Pascu,Centrocampistas,Valladolid U19,20,17,4.0,0.0,1.0,18.0,163.0,41,0.2,0.0,4.0,0.2,5,8.16,2.81,0.15,0.15,0.187
6.0,H. Sedano,Centrocampistas,Burgos U19,21,17,6.0,0.0,9.0,19.0,,39,0.29,0.0,6.0,0.29,9,13.95,5.21,0.15,-0.05,0.244
33.0,T. Pitarch,Centrocampistas,Real Madrid U19,14,13,2.0,0.0,0.0,17.0,,32,0.14,0.0,2.0,0.14,1,2.82,0.88,0.14,4.0,0.149
21.0,I. Motos,Delanteros,Getafe U19,18,17,3.0,0.0,2.0,17.0,,37,0.17,0.0,3.0,0.17,4,7.14,1.9,0.14,0.22,0.163
20.0,A. Perez,Delanteros,Unión Adarve U19,24,13,5.0,0.0,4.0,19.0,,28,0.21,0.0,5.0,0.21,7,9.8,4.34,0.14,-0.04,0.206
14.0,A. Riquelme,Centrocampistas,Getafe U19,6,6,1.0,0.0,0.0,19.0,,38,0.17,0.0,1.0,0.17,4,2.38,0.63,0.14,0.67,0.125
11.0,Cobos,Delanteros,Unión Adarve U19,23,21,5.0,0.0,2.0,19.0,,32,0.22,0.0,5.0,0.22,7,9.8,4.34,0.14,-0.04,0.208
9.0,L. Romero,Delanteros,CD Diocesano U19,27,26,6.0,0.0,3.0,17.0,,43,0.22,0.0,6.0,0.22,8,18.18,5.21,0.13,-0.33,0.221
18.0,Daniel Conde,Centrocampistas,Rayo Vallecano U19,27,25,5.0,0.0,5.0,18.0,171.0,38,0.19,0.0,5.0,0.19,6,11.11,3.59,0.13,0.11,0.205
6.0,Á. González,Centrocampistas,Leganés U19,26,23,4.0,0.0,2.0,19.0,,42,0.15,0.0,4.0,0.15,3,6.25,2.54,0.13,1.0,0.181
11.0,Raúl Martin,Delanteros,Rayo Vallecano U19,26,13,5.0,0.0,1.0,19.0,,40,0.19,0.0,5.0,0.19,6,11.11,3.59,0.13,0.12,0.201
8.0,Rulo,Centrocampistas,Valladolid U19,18,17,3.0,0.0,5.0,18.0,177.0,41,0.17,0.0,3.0,0.17,5,6.12,2.11,0.13,0.17,0.163
15.0,G. Gross,Centrocampistas,Atlético U19,21,9,3.0,0.0,0.0,17.0,,36,0.14,0.0,3.0,0.14,2,3.66,1.32,0.13,3.14,0.168
7.0,Daniel Yañez,Delanteros,Real Madrid U19,17,14,2.0,0.0,2.0,18.0,177.0,41,0.12,0.0,2.0,0.12,1,2.82,0.88,0.12,3.29,0.144
3.0,Marco Leiton,Centrocampistas,Leganés U19,22,20,3.0,0.0,7.0,19.0,177.0,39,0.14,0.0,3.0,0.14,3,4.69,1.9,0.12,1.18,0.163
21.0,V. Sampedro,Centrocampistas,Las Rozas CF U19,24,18,6.0,0.0,2.0,19.0,,32,0.25,0.0,6.0,0.25,10,14.63,5.35,0.12,-0.46,0.228
21.0,Sala,Centrocampistas,Unión Adarve U19,27,24,5.0,0.0,5.0,18.0,,29,0.19,0.0,5.0,0.19,7,9.8,4.34,0.12,-0.04,0.204
9.0,Guti,Delanteros,Unión Adarve U19,22,18,4.0,0.0,4.0,19.0,,36,0.18,0.0,4.0,0.18,7,7.84,3.47,0.12,-0.05,0.181
28.0,Carlos Diez,Centrocampistas,Real Madrid U19,8,6,1.0,0.0,2.0,18.0,,31,0.12,0.0,1.0,0.12,1,1.41,0.44,0.12,7.0,0.13
20.0,Alejandro Campos,Defensas,Getafe U19,22,22,3.0,0.0,3.0,18.0,,39,0.14,0.0,3.0,0.14,4,7.14,1.9,0.12,0.18,0.158
15.0,A. Cordero,Centrocampistas,Valladolid U19,21,12,3.0,0.0,4.0,18.0,,36,0.14,0.0,3.0,0.14,5,6.12,2.11,0.11,0.14,0.155
9.0,E. De Bronze,Delanteros,Rayo C. Alcobendas U19,28,21,9.0,0.0,9.0,,,33,0.32,0.0,9.0,0.32,12,21.95,8.25,0.11,-0.39,0.284
11.0,S. Mulumba,Delanteros,Leganés U19,23,17,3.0,0.0,4.0,19.0,,29,0.13,0.0,3.0,0.13,3,4.69,1.9,0.11,1.13,0.16
19.0,E. Benjumea,Centrocampistas,CD Diocesano U19,22,11,4.0,0.0,1.0,19.0,,38,0.18,0.0,4.0,0.18,8,12.12,3.47,0.11,-0.41,0.179
11.0,Bruno Citores,Delanteros,La Cruz Villanovense U19,29,25,7.0,0.0,2.0,19.0,,36,0.24,0.0,7.0,0.24,11,20.0,6.24,0.1,-0.48,0.238
10.0,Nacho,Centrocampistas,Unión Adarve U19,25,19,4.0,0.0,2.0,19.0,,37,0.16,0.0,4.0,0.16,7,7.84,3.47,0.1,-0.04,0.179
10.0,D. Antúnez,Delanteros,CD Diocesano U19,29,21,5.0,0.0,0.0,18.0,,41,0.17,0.0,5.0,0.17,8,15.15,4.34,0.1,-0.31,0.197
11.0,L. Nielfa,Delanteros,Rayo C. Alcobendas U19,14,10,4.0,0.0,1.0,,,27,0.29,0.0,4.0,0.29,12,9.76,3.67,0.1,-0.79,0.217
22.0,Roi Torres,Defensas,Real Madrid U19,20,8,2.0,0.0,2.0,19.0,,36,0.1,0.0,2.0,0.1,1,2.82,0.88,0.1,2.8,0.139
9.0,M. Gonzalez,Delanteros,Burgos U19,28,19,5.0,0.0,2.0,,,31,0.18,0.0,5.0,0.18,9,11.63,4.34,0.1,-0.04,0.201
19.0,Emmanuel,Delanteros,Unión Adarve U19,26,10,4.0,0.0,2.0,19.0,,30,0.15,0.0,4.0,0.15,7,7.84,3.47,0.1,-0.04,0.176
11.0,Daniel Muñoz,Defensas,Atlético U19,18,10,2.0,0.0,5.0,18.0,165.0,42,0.11,0.0,2.0,0.11,2,2.44,0.88,0.1,3.67,0.143
17.0,Marc De Pedro,Centrocampistas,Burgos U19,27,22,5.0,0.0,6.0,18.0,,41,0.19,0.0,5.0,0.19,9,11.63,4.34,0.1,-0.04,0.204
11.0,Hugo Calvo,Delanteros,Valladolid U19,24,18,3.0,0.0,4.0,18.0,171.0,37,0.12,0.0,3.0,0.12,5,6.12,2.11,0.09,0.12,0.153
16.0,Luis Bravo,Delanteros,Unión Adarve U19,7,1,1.0,0.0,1.0,19.0,,26,0.14,0.0,1.0,0.14,7,1.96,0.87,0.09,-0.14,0.107
18.0,Joan Londoño,Delanteros,Leganés U19,20,8,2.0,0.0,0.0,19.0,,33,0.1,0.0,2.0,0.1,3,3.12,1.27,0.09,1.3,0.133
18.0,Olandia,Delanteros,Valladolid U19,24,11,3.0,0.0,3.0,17.0,,35,0.12,0.0,3.0,0.12,5,6.12,2.11,0.09,0.12,0.153
15.0,M. Guerra,Defensas,Unión Adarve U19,7,5,1.0,0.0,2.0,,,26,0.14,0.0,1.0,0.14,7,1.96,0.87,0.09,-0.14,0.107
15.0,T. Lugano,Centrocampistas,Valladolid U19,17,4,2.0,0.0,1.0,18.0,,29,0.12,0.0,2.0,0.12,5,4.08,1.4,0.09,0.18,0.129
4.0,Adrián Almeida,Defensas,Atlético U19,21,14,2.0,0.0,4.0,19.0,,41,0.1,0.0,2.0,0.1,2,2.44,0.88,0.09,3.14,0.144
18.0,A. Usero,Delanteros,Leganés U19,22,5,2.0,0.0,1.0,18.0,,32,0.09,0.0,2.0,0.09,3,3.12,1.27,0.08,1.18,0.133
2.0,Lucas Macazaga,Defensas,Leganés U19,23,21,2.0,0.0,3.0,18.0,183.0,37,0.09,0.0,2.0,0.09,3,3.12,1.27,0.08,1.13,0.136
8.0,G. Gutiérrez,Centrocampistas,Rayo Vallecano U19,24,19,3.0,0.0,4.0,19.0,,34,0.12,0.0,3.0,0.12,6,6.67,2.15,0.08,0.12,0.153
6.0,E. Bustos,Delanteros,Las Rozas CF U19,25,7,4.0,0.0,3.0,19.0,,27,0.16,0.0,4.0,0.16,10,9.76,3.57,0.08,-0.44,0.177
22.0,I. Ramos,Centrocampistas,Rayo Majadahonda U19,27,22,7.0,0.0,6.0,19.0,,35,0.26,0.0,7.0,0.26,13,21.88,6.6,0.08,-0.22,0.245
29.0,Á. Lezcano,Defensas,Real Madrid U19,12,10,1.0,0.0,2.0,17.0,,34,0.08,0.0,1.0,0.08,1,1.41,0.44,0.08,4.67,0.109
6.0,I. Alani,Centrocampistas,Valladolid U19,10,10,1.0,0.0,2.0,18.0,175.0,33,0.1,0.0,1.0,0.1,5,2.04,0.7,0.08,0.3,0.095
2.0,M. Barbero,Defensas,Las Rozas CF U19,25,25,4.0,0.0,6.0,18.0,,33,0.16,0.0,4.0,0.16,10,9.76,3.57,0.08,-0.44,0.177
10.0,Jaime García,Delanteros,Rayo C. Alcobendas U19,29,21,7.0,0.0,5.0,19.0,,36,0.24,0.0,7.0,0.24,12,17.07,6.42,0.08,-0.38,0.239
17.0,I. González,Centrocampistas,Valladolid U19,19,8,2.0,0.0,0.0,17.0,,35,0.11,0.0,2.0,0.11,5,4.08,1.4,0.08,0.16,0.13
10.0,I. De La Puebla,Centrocampistas,Getafe U19,26,9,2.0,0.0,3.0,19.0,,29,0.08,0.0,2.0,0.08,4,4.76,1.27,0.07,0.15,0.135
16.0,A. Macias,Centrocampistas,CD Móstoles U19,23,18,7.0,0.0,0.0,19.0,,30,0.3,0.0,7.0,0.3,14,19.44,10.5,0.07,-1.43,0.25
17.0,Joel Fortes,Defensas,Getafe U19,25,21,2.0,0.0,3.0,18.0,,38,0.08,0.0,2.0,0.08,4,4.76,1.27,0.07,0.16,0.132
4.0,S. Almarza,Defensas,Leganés U19,24,20,2.0,0.0,5.0,18.0,,37,0.08,0.0,2.0,0.08,3,3.12,1.27,0.07,1.08,0.133
17.0,Sergio Gervilla,Delanteros,CD Diocesano U19,8,1,1.0,0.0,1.0,19.0,,32,0.12,0.0,1.0,0.12,8,3.03,0.87,0.07,-1.12,0.094
3.0,D. Hernaiz,Defensas,Burgos U19,15,12,2.0,0.0,3.0,18.0,,40,0.13,0.0,2.0,0.13,9,4.65,1.74,0.07,-0.07,0.128
18.0,Pablo Montero,Delanteros,Real Madrid U19,15,2,1.0,0.0,0.0,18.0,172.0,37,0.07,0.0,1.0,0.07,1,1.41,0.44,0.07,3.73,0.109
22.0,A. Casado,Centrocampistas,CD Diocesano U19,24,22,3.0,0.0,13.0,19.0,,36,0.12,0.0,3.0,0.12,8,9.09,2.61,0.07,-0.38,0.15
5.0,Izan Regueira,Centrocampistas,Real Madrid U19,27,22,2.0,0.0,2.0,19.0,,39,0.07,0.0,2.0,0.07,1,2.82,0.88,0.07,2.07,0.141
7.0,Amores,Centrocampistas,Unión Adarve U19,19,6,2.0,0.0,3.0,19.0,,27,0.11,0.0,2.0,0.11,7,3.92,1.74,0.07,-0.05,0.129
4.0,J. Aranda,Defensas,Valladolid U19,23,22,2.0,0.0,4.0,19.0,,40,0.09,0.0,2.0,0.09,5,4.08,1.4,0.07,0.13,0.131
5.0,Neamti,Defensas,Unión Adarve U19,28,24,3.0,0.0,2.0,18.0,185.0,37,0.11,0.0,3.0,0.11,7,5.88,2.61,0.07,-0.04,0.159
5.0,Pablo Pan,Defensas,Atlético U19,17,15,1.0,0.0,6.0,19.0,,39,0.06,0.0,1.0,0.06,2,1.22,0.44,0.06,3.88,0.11
4.0,F. Sánchez,Defensas,Burgos U19,28,26,3.0,0.0,5.0,19.0,,44,0.11,0.0,3.0,0.11,9,6.98,2.61,0.06,-0.04,0.159
3.0,C. Jimenez,Centrocampistas,Leganés U19,14,7,1.0,0.0,2.0,19.0,,36,0.07,0.0,1.0,0.07,3,1.56,0.63,0.06,1.86,0.097
17.0,A. Pozo,Delanteros,Leganés U19,14,2,1.0,0.0,1.0,,,33,0.07,0.0,1.0,0.07,3,1.56,0.63,0.06,1.86,0.097
2.0,G. Quesada,Defensas,Rayo C. Alcobendas U19,25,21,4.0,0.0,2.0,17.0,173.0,31,0.16,0.0,4.0,0.16,12,9.76,3.67,0.06,-0.44,0.177
22.0,M. Verdú,Centrocampistas,Getafe U19,27,25,2.0,0.0,7.0,18.0,,39,0.07,0.0,2.0,0.07,4,4.76,1.27,0.06,0.15,0.133
12.0,Pedro Morón,Defensas,Getafe U19,14,8,1.0,0.0,1.0,19.0,,37,0.07,0.0,1.0,0.07,4,2.38,0.63,0.06,0.29,0.09
5.0,Mario López,Defensas,La Cruz Villanovense U19,7,6,1.0,0.0,3.0,19.0,,35,0.14,0.0,1.0,0.14,11,2.86,0.89,0.06,-2.0,0.098
21.0,B. Echeverria,Centrocampistas,CD Móstoles U19,26,23,7.0,0.0,4.0,18.0,175.0,32,0.27,0.0,7.0,0.27,14,19.44,10.5,0.06,-1.27,0.243
10.0,Casca,Centrocampistas,Rayo Majadahonda U19,29,22,6.0,0.0,3.0,19.0,179.0,37,0.21,0.0,6.0,0.21,13,18.75,5.66,0.06,-0.21,0.222
3.0,Miguel Platero,Defensas,Valladolid U19,17,16,1.0,0.0,6.0,19.0,,37,0.06,0.0,1.0,0.06,5,2.04,0.7,0.05,0.18,0.093
5.0,Lucas Calleja,Defensas,Getafe U19,17,8,1.0,0.0,3.0,18.0,,39,0.06,0.0,1.0,0.06,4,2.38,0.63,0.05,0.24,0.094
14.0,A. Mizuno,Centrocampistas,Rayo C. Alcobendas U19,14,6,2.0,0.0,2.0,19.0,,37,0.14,0.0,2.0,0.14,12,4.88,1.83,0.05,-0.79,0.127
7.0,M. Vaquero,Delanteros,CD Móstoles U19,30,25,7.0,0.0,3.0,19.0,178.0,33,0.23,0.0,7.0,0.23,14,19.44,10.5,0.05,-1.1,0.233
17.0,A. Hidalgo,Defensas,La Cruz Villanovense U19,15,10,2.0,0.0,3.0,,,30,0.13,0.0,2.0,0.13,11,5.71,1.78,0.05,-0.93,0.124
8.0,Manuel Jardón,Centrocampistas,La Cruz Villanovense U19,24,22,3.0,0.0,7.0,19.0,,43,0.12,0.0,3.0,0.12,11,8.57,2.68,0.05,-0.58,0.149
6.0,S. Martin,Centrocampistas,Leganés U19,18,13,1.0,0.0,5.0,19.0,,30,0.06,0.0,1.0,0.06,3,1.56,0.63,0.05,1.44,0.103
23.0,G. Aranaz,Delanteros,Las Rozas CF U19,30,29,3.0,0.0,4.0,16.0,,32,0.1,0.0,3.0,0.1,10,7.32,2.68,0.05,-0.37,0.158
31.0,B. Del Olmo,Delanteros,CD Móstoles U19,26,16,6.0,0.0,3.0,18.0,,34,0.23,0.0,6.0,0.23,14,16.67,9.0,0.05,-1.27,0.219
11.0,M. Gross,Delanteros,Las Rozas CF U19,29,14,3.0,0.0,3.0,18.0,,29,0.1,0.0,3.0,0.1,10,7.32,2.68,0.05,-0.38,0.155
16.0,T. Seidu,Centrocampistas,Atlético U19,22,16,1.0,0.0,3.0,17.0,,37,0.05,0.0,1.0,0.05,2,1.22,0.44,0.05,3.0,0.117
24.0,R. Hueso,Defensas,Atlético U19,22,16,1.0,0.0,3.0,18.0,,41,0.05,0.0,1.0,0.05,2,1.22,0.44,0.05,3.0,0.117
18.0,I. Expósito,Defensas,Burgos U19,21,15,2.0,0.0,2.0,19.0,,41,0.1,0.0,2.0,0.1,9,4.65,1.74,0.05,-0.05,0.13
14.0,Diego Pérez,Defensas,Atlético U19,20,15,1.0,0.0,5.0,19.0,,41,0.05,0.0,1.0,0.05,2,1.22,0.44,0.05,3.3,0.112
14.0,Hame Sussoho,Delanteros,Burgos U19,24,8,2.0,0.0,2.0,19.0,,35,0.08,0.0,2.0,0.08,9,4.65,1.74,0.04,-0.04,0.128
15.0,I. Fernández,Delanteros,La Cruz Villanovense U19,30,28,3.0,0.0,4.0,19.0,,41,0.1,0.0,3.0,0.1,11,8.57,2.68,0.04,-0.47,0.158
7.0,Chispa,Delanteros,La Cruz Villanovense U19,29,15,3.0,0.0,2.0,19.0,,29,0.1,0.0,3.0,0.1,11,8.57,2.68,0.04,-0.48,0.154
19.0,S. Alvarez,Centrocampistas,Las Rozas CF U19,22,5,2.0,0.0,0.0,19.0,,27,0.09,0.0,2.0,0.09,10,4.88,1.78,0.04,-0.5,0.125
33.0,D. Martinez,Delanteros,Alcorcón U19,19,8,4.0,0.0,2.0,18.0,,33,0.21,0.0,4.0,0.21,15,14.29,6.0,0.04,-2.11,0.18
2.0,David Arza,Defensas,Atlético U19,26,20,1.0,0.0,6.0,19.0,181.0,43,0.04,0.0,1.0,0.04,2,1.22,0.44,0.04,2.54,0.122
26.0,B. Auguste,Defensas,Leganés U19,21,21,1.0,0.0,2.0,18.0,,29,0.05,0.0,1.0,0.05,3,1.56,0.63,0.04,1.24,0.106
27.0,O. Torrellas,Defensas,Atlético U19,23,16,1.0,0.0,4.0,18.0,,39,0.04,0.0,1.0,0.04,2,1.22,0.44,0.04,2.87,0.114
20.0,Liberto,Defensas,Real Madrid U19,25,16,1.0,0.0,4.0,18.0,181.0,31,0.04,0.0,1.0,0.04,1,1.41,0.44,0.04,2.24,0.118
16.0,Sang-min Lee,Centrocampistas,Getafe U19,21,12,1.0,0.0,3.0,19.0,169.0,31,0.05,0.0,1.0,0.05,4,2.38,0.63,0.04,0.19,0.101
8.0,Jorge Trinidad,Centrocampistas,CD Diocesano U19,27,23,2.0,0.0,1.0,19.0,170.0,45,0.07,0.0,2.0,0.07,8,6.06,1.74,0.04,-0.33,0.13
5.0,Pedro Soria,Defensas,CD Diocesano U19,16,13,1.0,0.0,2.0,19.0,,42,0.06,0.0,1.0,0.06,8,3.03,0.87,0.04,-0.56,0.087
17.0,A. Garcia,Delanteros,Rayo Vallecano U19,22,6,1.0,0.0,1.0,18.0,,30,0.05,0.0,1.0,0.05,6,2.22,0.72,0.04,0.14,0.104
7.0,H. Entero,Centrocampistas,Rayo C. Alcobendas U19,28,27,3.0,0.0,3.0,17.0,,31,0.11,0.0,3.0,0.11,12,7.32,2.75,0.04,-0.39,0.158
15.0,D. San Miguel,Delanteros,Burgos U19,26,10,2.0,0.0,1.0,19.0,,35,0.08,0.0,2.0,0.08,9,4.65,1.74,0.04,-0.04,0.134
8.0,I. Hernando,Centrocampistas,Burgos U19,26,24,2.0,0.0,4.0,19.0,,37,0.08,0.0,2.0,0.08,9,4.65,1.74,0.04,-0.04,0.134
19.0,J. Calles,Delanteros,Rayo C. Alcobendas U19,16,4,2.0,0.0,0.0,19.0,,31,0.12,0.0,2.0,0.12,12,4.88,1.83,0.04,-0.69,0.122
28.0,A. De La Morena,Centrocampistas,Rayo Vallecano U19,19,7,1.0,0.0,2.0,17.0,,35,0.05,0.0,1.0,0.05,6,2.22,0.72,0.04,0.16,0.094
6.0,Nano,Centrocampistas,La Cruz Villanovense U19,10,4,1.0,0.0,2.0,19.0,,34,0.1,0.0,1.0,0.1,11,2.86,0.89,0.04,-1.4,0.087
9.0,A. Martin,Delanteros,Alcorcón U19,27,20,6.0,0.0,1.0,19.0,,38,0.22,0.0,6.0,0.22,15,21.43,9.0,0.04,-1.48,0.215
9.0,A. Tena,Centrocampistas,La Cruz Villanovense U19,13,1,1.0,0.0,1.0,19.0,,34,0.08,0.0,1.0,0.08,11,2.86,0.89,0.03,-1.08,0.086
11.0,A. Del Águila,Centrocampistas,Getafe U19,28,28,1.0,0.0,0.0,17.0,,39,0.04,0.0,1.0,0.04,4,2.38,0.63,0.03,0.14,0.118
7.0,I. Ramirez,Centrocampistas,Rayo Vallecano U19,27,11,1.0,0.0,0.0,19.0,,38,0.04,0.0,1.0,0.04,6,2.22,0.72,0.03,0.11,0.115
22.0,S. Espejo,Centrocampistas,Unión Adarve U19,27,25,1.0,0.0,7.0,19.0,,31,0.04,0.0,1.0,0.04,7,1.96,0.87,0.03,-0.04,0.114
4.0,K. Jankowski,Defensas,La Cruz Villanovense U19,29,29,2.0,0.0,6.0,18.0,,31,0.07,0.0,2.0,0.07,11,5.71,1.78,0.03,-0.48,0.136
20.0,G. Rawinad,Centrocampistas,Alcorcón U19,13,1,2.0,0.0,2.0,19.0,,33,0.15,0.0,2.0,0.15,15,7.14,3.0,0.03,-3.08,0.119
18.0,M. Garrote,Centrocampistas,Rayo C. Alcobendas U19,13,12,1.0,0.0,2.0,19.0,,27,0.08,0.0,1.0,0.08,12,2.44,0.92,0.03,-0.85,0.087
23.0,Alex,Defensas,Unión Adarve U19,24,14,1.0,0.0,6.0,19.0,,30,0.04,0.0,1.0,0.04,7,1.96,0.87,0.03,-0.04,0.104
24.0,F. Cordero,Centrocampistas,CD Móstoles U19,28,19,4.0,0.0,7.0,19.0,,29,0.14,0.0,4.0,0.14,14,11.11,6.0,0.03,-1.18,0.172
14.0,V. Pascual Del Río,Delanteros,Alcorcón U19,27,20,5.0,0.0,1.0,19.0,,38,0.19,0.0,5.0,0.19,15,17.86,7.5,0.03,-1.48,0.197
7.0,J. Celada,Centrocampistas,Getafe U19,24,9,1.0,0.0,0.0,18.0,,35,0.04,0.0,1.0,0.04,4,2.38,0.63,0.03,0.17,0.105
20.0,A. Pardo,Defensas,Rayo Majadahonda U19,22,22,2.0,0.0,8.0,19.0,,39,0.09,0.0,2.0,0.09,13,6.25,1.89,0.03,-0.27,0.126
5.0,Galde,Defensas,Valladolid U19,25,22,1.0,0.0,3.0,17.0,181.0,39,0.04,0.0,1.0,0.04,5,2.04,0.7,0.03,0.12,0.108
8.0,S. Gonzalez,Centrocampistas,Fuenlabrada U19,8,3,2.0,0.0,0.0,19.0,,36,0.25,0.0,2.0,0.25,16,6.06,3.3,0.03,-4.0,0.158
8.0,M. Calderero,Centrocampistas,Getafe U19,27,19,1.0,0.0,5.0,19.0,,40,0.04,0.0,1.0,0.04,4,2.38,0.63,0.03,0.15,0.115
4.0,M. Cuesta,Defensas,Rayo Majadahonda U19,29,29,3.0,0.0,3.0,19.0,,43,0.1,0.0,3.0,0.1,13,9.38,2.83,0.03,-0.21,0.156
9.0,M. Talavera,Centrocampistas,Rayo Majadahonda U19,23,18,2.0,0.0,4.0,19.0,181.0,36,0.09,0.0,2.0,0.09,13,6.25,1.89,0.03,-0.26,0.129
3.0,Santi Silva,Defensas,Rayo Vallecano U19,28,26,1.0,0.0,3.0,19.0,173.0,36,0.04,0.0,1.0,0.04,6,2.22,0.72,0.03,0.11,0.118
16.0,P. Bomwinsum,Centrocampistas,Rayo Majadahonda U19,11,11,1.0,0.0,7.0,,,30,0.09,0.0,1.0,0.09,13,3.12,0.94,0.03,-0.55,0.088
3.0,R. Plata,Defensas,CD Móstoles U19,28,28,3.0,0.0,6.0,19.0,,39,0.11,0.0,3.0,0.11,14,8.33,4.5,0.03,-1.18,0.154
15.0,H. Paniagua,Defensas,Getafe U19,28,27,1.0,0.0,7.0,19.0,,38,0.04,0.0,1.0,0.04,4,2.38,0.63,0.03,0.14,0.118
4.0,Adrián Cruz,Defensas,Rayo Vallecano U19,28,28,1.0,0.0,5.0,19.0,,39,0.04,0.0,1.0,0.04,6,2.22,0.72,0.03,0.11,0.118
2.0,Almeida,Defensas,Rayo C. Alcobendas U19,20,13,1.0,0.0,0.0,18.0,,29,0.05,0.0,1.0,0.05,12,2.44,0.92,0.02,-0.55,0.094
10.0,M. García,Delanteros,Fuenlabrada U19,26,20,5.0,0.0,0.0,19.0,,36,0.19,0.0,5.0,0.19,16,15.15,8.25,0.02,-1.23,0.195
5.0,A. Maiga,Defensas,Burgos U19,29,27,1.0,0.0,4.0,18.0,,42,0.03,0.0,1.0,0.03,9,2.33,0.87,0.02,-0.03,0.115
15.0,D. López,Delanteros,Rayo C. Alcobendas U19,16,4,1.0,0.0,4.0,18.0,,31,0.06,0.0,1.0,0.06,12,2.44,0.92,0.02,-0.69,0.086
3.0,J. Guerediaga,Defensas,Alcorcón U19,23,22,2.0,0.0,7.0,19.0,,35,0.09,0.0,2.0,0.09,15,7.14,3.0,0.02,-1.74,0.123
12.0,A. Ortega,Defensas,CD Diocesano U19,26,25,1.0,0.0,8.0,18.0,,38,0.04,0.0,1.0,0.04,8,3.03,0.87,0.02,-0.35,0.109
19.0,G. Diaz,Defensas,Alcorcón U19,18,10,2.0,0.0,2.0,19.0,,37,0.11,0.0,2.0,0.11,15,7.14,3.0,0.02,-2.22,0.116
18.0,Mario Galán,Centrocampistas,CD Diocesano U19,23,8,1.0,0.0,1.0,18.0,,41,0.04,0.0,1.0,0.04,8,3.03,0.87,0.02,-0.39,0.099
15.0,D. Gonzalez,Defensas,CD Diocesano U19,28,28,1.0,0.0,1.0,19.0,,45,0.04,0.0,1.0,0.04,8,3.03,0.87,0.02,-0.32,0.116
9.0,A. De Avila,Defensas,Fuenlabrada U19,24,15,5.0,0.0,2.0,,,35,0.21,0.0,5.0,0.21,16,15.15,8.25,0.02,-1.33,0.2
14.0,A. Iriondo,Centrocampistas,Rayo C. Alcobendas U19,27,8,2.0,0.0,0.0,18.0,,28,0.07,0.0,2.0,0.07,12,4.88,1.83,0.02,-0.41,0.13
10.0,G. De La Mata,Delanteros,Las Rozas CF U19,28,11,1.0,0.0,1.0,18.0,,32,0.04,0.0,1.0,0.04,10,2.44,0.89,0.02,-0.39,0.116
4.0,M. Carmena,Defensas,Las Rozas CF U19,25,24,1.0,0.0,9.0,19.0,,32,0.04,0.0,1.0,0.04,10,2.44,0.89,0.02,-0.44,0.105
5.0,B. Medina,Defensas,Las Rozas CF U19,24,24,1.0,0.0,5.0,17.0,,32,0.04,0.0,1.0,0.04,10,2.44,0.89,0.02,-0.46,0.102
20.0,P. Zarzuela,Centrocampistas,Las Rozas CF U19,22,11,1.0,0.0,5.0,19.0,,33,0.05,0.0,1.0,0.05,10,2.44,0.89,0.02,-0.5,0.101
22.0,B. Garcia,Centrocampistas,Las Rozas CF U19,22,15,1.0,0.0,1.0,19.0,,29,0.05,0.0,1.0,0.05,10,2.44,0.89,0.02,-0.5,0.101
18.0,M. Lindo,Centrocampistas,Fuenlabrada U19,27,25,5.0,0.0,10.0,19.0,,36,0.19,0.0,5.0,0.19,16,15.15,8.25,0.02,-1.19,0.199
9.0,Igor Sava,Delanteros,Fuenlabrada U19,21,8,3.0,0.0,3.0,19.0,,28,0.14,0.0,3.0,0.14,16,9.09,4.95,0.02,-1.52,0.147
30.0,J. Torija,Centrocampistas,Alcorcón U19,8,4,1.0,0.0,1.0,19.0,,26,0.12,0.0,1.0,0.12,15,3.57,1.5,0.02,-5.0,0.076
16.0,Pablo Marcos,Delanteros,Burgos U19,27,23,1.0,0.0,8.0,19.0,,38,0.04,0.0,1.0,0.04,9,2.33,0.87,0.02,-0.04,0.114
11.0,Daniel Utrera,Delanteros,Fuenlabrada U19,26,21,4.0,0.0,3.0,18.0,173.0,30,0.15,0.0,4.0,0.15,16,12.12,6.6,0.02,-1.23,0.171
15.0,H. Lopez,Centrocampistas,Burgos U19,27,17,1.0,0.0,4.0,19.0,,29,0.04,0.0,1.0,0.04,9,2.33,0.87,0.02,-0.04,0.114
11.0,Álex Martín,Centrocampistas,Alcorcón U19,10,10,1.0,0.0,2.0,19.0,178.0,33,0.1,0.0,1.0,0.1,15,3.57,1.5,0.02,-4.0,0.075
17.0,M. Peñarando,Delanteros,Alcorcón U19,23,9,1.0,0.0,3.0,18.0,183.0,28,0.04,0.0,1.0,0.04,15,3.57,1.5,0.01,-1.74,0.093
16.0,Rubén Olea,Defensas,Rayo C. Alcobendas U19,24,19,1.0,0.0,1.0,18.0,,34,0.04,0.0,1.0,0.04,12,2.44,0.92,0.01,-0.46,0.102
5.0,A. Lopez,Defensas,Alcorcón U19,23,22,1.0,0.0,5.0,19.0,,39,0.04,0.0,1.0,0.04,15,3.57,1.5,0.01,-1.74,0.093
4.0,Sergio Canos,Centrocampistas,Rayo C. Alcobendas U19,26,24,1.0,0.0,6.0,19.0,,39,0.04,0.0,1.0,0.04,12,2.44,0.92,0.01,-0.42,0.109
8.0,D. Quevedo,Centrocampistas,Rayo C. Alcobendas U19,25,23,1.0,0.0,5.0,19.0,,38,0.04,0.0,1.0,0.04,12,2.44,0.92,0.01,-0.44,0.105
6.0,Yahya Bourjila,Centrocampistas,Rayo C. Alcobendas U19,29,29,1.0,0.0,9.0,19.0,,39,0.03,0.0,1.0,0.03,12,2.44,0.92,0.01,-0.38,0.113
6.0,Adrián Pascual,Centrocampistas,Alcorcón U19,23,15,1.0,0.0,8.0,18.0,,36,0.04,0.0,1.0,0.04,15,3.57,1.5,0.01,-1.74,0.093
23.0,Isaac García,Centrocampistas,Fuenlabrada U19,28,18,3.0,0.0,10.0,19.0,,36,0.11,0.0,3.0,0.11,16,9.09,4.95,0.01,-1.14,0.154
23.0,D. Diaz,Delanteros,Rayo Majadahonda U19,23,6,1.0,0.0,4.0,19.0,,32,0.04,0.0,1.0,0.04,13,3.12,0.94,0.01,-0.26,0.099
14.0,A. Raul,Defensas,Las Rozas CF U19,29,29,1.0,0.0,6.0,19.0,,38,0.03,0.0,1.0,0.03,10,2.44,0.89,0.01,-0.38,0.113
3.0,A. Diatta,Defensas,Rayo Majadahonda U19,29,28,1.0,0.0,3.0,19.0,,39,0.03,0.0,1.0,0.03,13,3.12,0.94,0.01,-0.21,0.114
17.0,Samuel García,Defensas,La Cruz Villanovense U19,29,22,1.0,0.0,3.0,19.0,,38,0.03,0.0,1.0,0.03,11,2.86,0.89,0.01,-0.48,0.112
14.0,H. Aranda,Centrocampistas,CD Móstoles U19,21,21,1.0,0.0,3.0,19.0,193.0,40,0.05,0.0,1.0,0.05,14,2.78,1.5,0.01,-1.57,0.093
30.0,Angulo,Defensas,Fuenlabrada U19,27,27,2.0,0.0,4.0,17.0,193.0,31,0.07,0.0,2.0,0.07,16,6.06,3.3,0.01,-1.19,0.127
5.0,A. Gonzalez,Defensas,Fuenlabrada U19,8,7,1.0,0.0,5.0,,,28,0.12,0.0,1.0,0.12,16,3.03,1.65,0.01,-4.0,0.08
5.0,I. Garcia,Centrocampistas,Fuenlabrada U19,10,3,1.0,0.0,1.0,19.0,,34,0.1,0.0,1.0,0.1,16,3.03,1.65,0.01,-3.2,0.079
24.0,V. Garcia,Centrocampistas,Rayo Majadahonda U19,24,13,1.0,0.0,2.0,19.0,,36,0.04,0.0,1.0,0.04,13,3.12,0.94,0.01,-0.25,0.103
14.0,Mario Rivas,Defensas,Real Madrid U19,1,1,0.0,0.0,0.0,18.0,188.0,35,0.0,0.0,0.0,0.0,1,0.0,0.0,0.0,56.0,0.258
15.0,Melvin Ukpeigbe,Defensas,Real Madrid U19,8,7,0.0,0.0,1.0,18.0,176.0,39,0.0,0.0,0.0,0.0,1,0.0,0.0,0.0,7.0,0.058
17.0,Óscar Mesa,Defensas,Real Madrid U19,22,13,0.0,0.0,3.0,18.0,178.0,43,0.0,0.0,0.0,0.0,1,0.0,0.0,0.0,2.55,0.085
34.0,S. Castellón,Delanteros,Rayo Vallecano U19,3,2,0.0,0.0,0.0,,,26,0.0,0.0,0.0,0.0,6,0.0,0.0,0.0,1.0,0.015
2.0,M. Hernando,Defensas,Burgos U19,26,21,0.0,0.0,4.0,19.0,,33,0.0,0.0,0.0,0.0,9,0.0,0.0,0.0,-0.04,0.086
26.0,F. Seco,Defensas,Real Madrid U19,4,1,0.0,0.0,0.0,17.0,,32,0.0,0.0,0.0,0.0,1,0.0,0.0,0.0,14.0,0.077
12.0,N. Sylla,Delanteros,Valladolid U19,4,1,0.0,0.0,0.0,18.0,,29,0.0,0.0,0.0,0.0,5,0.0,0.0,0.0,0.75,0.017
29.0,Nico Fernández,Centrocampistas,Atlético U19,1,0,0.0,0.0,0.0,18.0,,26,0.0,0.0,0.0,0.0,2,0.0,0.0,0.0,66.0,0.303
3.0,F. Vaquero,Delanteros,Valladolid U19,22,15,0.0,0.0,2.0,19.0,,37,0.0,0.0,0.0,0.0,5,0.0,0.0,0.0,0.14,0.074
23.0,L. Fati,Defensas,Real Madrid U19,14,13,0.0,0.0,2.0,19.0,180.0,40,0.0,0.0,0.0,0.0,1,0.0,0.0,0.0,4.0,0.065
14.0,G. Diaz,Defensas,Burgos U19,7,5,0.0,0.0,3.0,18.0,,32,0.0,0.0,0.0,0.0,9,0.0,0.0,0.0,-0.14,0.023
34.0,A. David,Defensas,Alcorcón U19,15,7,0.0,0.0,1.0,,,35,0.0,0.0,0.0,0.0,15,0.0,0.0,0.0,-2.67,0.038
22.0,Sergio Lozano,Defensas,Rayo Vallecano U19,1,1,0.0,0.0,1.0,19.0,175.0,42,0.0,0.0,0.0,0.0,6,0.0,0.0,0.0,3.0,0.017
11.0,Raul Jusdado,Delanteros,Rayo Majadahonda U19,23,6,0.0,0.0,2.0,19.0,,33,0.0,0.0,0.0,0.0,13,0.0,0.0,0.0,-0.26,0.075
2.0,A. Dos Reis,Defensas,Rayo Vallecano U19,3,0,0.0,0.0,0.0,,,37,0.0,0.0,0.0,0.0,6,0.0,0.0,0.0,1.0,0.015
27.0,G. Mesonero,Defensas,Rayo Vallecano U19,29,28,0.0,0.0,1.0,17.0,,32,0.0,0.0,0.0,0.0,6,0.0,0.0,0.0,0.1,0.097
16.0,H. Castañeda,Centrocampistas,Burgos U19,11,3,0.0,0.0,3.0,19.0,,41,0.0,0.0,0.0,0.0,9,0.0,0.0,0.0,-0.09,0.036
6.0,Marco Roman Santos,Centrocampistas,Rayo Vallecano U19,27,27,0.0,0.0,5.0,19.0,,38,0.0,0.0,0.0,0.0,6,0.0,0.0,0.0,0.11,0.091
23.0,Samu Becerra,Centrocampistas,Rayo Vallecano U19,1,1,0.0,0.0,1.0,19.0,,37,0.0,0.0,0.0,0.0,6,0.0,0.0,0.0,3.0,0.017
14.0,De la Cámara,Centrocampistas,Burgos U19,3,0,0.0,0.0,0.0,16.0,,38,0.0,0.0,0.0,0.0,9,0.0,0.0,0.0,-0.33,0.009
29.0,P. Melero,Centrocampistas,Rayo Vallecano U19,1,0,0.0,0.0,0.0,18.0,,30,0.0,0.0,0.0,0.0,6,0.0,0.0,0.0,3.0,0.017
16.0,L. Cano,Centrocampistas,Rayo Vallecano U19,9,1,0.0,0.0,1.0,19.0,,34,0.0,0.0,0.0,0.0,6,0.0,0.0,0.0,0.33,0.032
9.0,Mario Domínguez,Delanteros,Valladolid U19,3,2,0.0,0.0,0.0,16.0,,30,0.0,0.0,0.0,0.0,5,0.0,0.0,0.0,1.0,0.015
12.0,P. Sanz,Defensas,Burgos U19,21,13,0.0,0.0,4.0,19.0,,34,0.0,0.0,0.0,0.0,9,0.0,0.0,0.0,-0.05,0.07
12.0,B. Madruga,Defensas,Burgos U19,4,3,0.0,0.0,1.0,,,37,0.0,0.0,0.0,0.0,9,0.0,0.0,0.0,-0.25,0.012
32.0,S. Garcia,Centrocampistas,Rayo Vallecano U19,10,5,0.0,0.0,1.0,,,42,0.0,0.0,0.0,0.0,6,0.0,0.0,0.0,0.3,0.035
18.0,S. García,Defensas,Burgos U19,2,0,0.0,0.0,0.0,18.0,,32,0.0,0.0,0.0,0.0,9,0.0,0.0,0.0,-0.5,0.004
33.0,K. Antonopoulos,Defensas,Rayo Vallecano U19,1,0,0.0,0.0,1.0,,,26,0.0,0.0,0.0,0.0,6,0.0,0.0,0.0,3.0,0.017
15.0,S. Garcia,Defensas,Rayo Vallecano U19,9,6,0.0,0.0,1.0,19.0,,26,0.0,0.0,0.0,0.0,6,0.0,0.0,0.0,0.33,0.032
11.0,N. Garralon,Delanteros,Rayo Vallecano U19,11,0,0.0,0.0,1.0,19.0,,30,0.0,0.0,0.0,0.0,6,0.0,0.0,0.0,0.27,0.038
19.0,P. Serón,Delanteros,Rayo Vallecano U19,8,2,0.0,0.0,1.0,19.0,,32,0.0,0.0,0.0,0.0,6,0.0,0.0,0.0,0.38,0.028
5.0,L. Jordan,Defensas,Rayo Vallecano U19,18,11,0.0,0.0,4.0,18.0,,35,0.0,0.0,0.0,0.0,6,0.0,0.0,0.0,0.17,0.061
7.0,A. Fernández,Delanteros,Valladolid U19,24,10,0.0,0.0,1.0,18.0,,36,0.0,0.0,0.0,0.0,5,0.0,0.0,0.0,0.12,0.081
26.0,D. Alexandru,Defensas,Rayo Vallecano U19,19,15,0.0,0.0,4.0,18.0,,31,0.0,0.0,0.0,0.0,6,0.0,0.0,0.0,0.16,0.064
12.0,Emanuel,Defensas,Real Madrid U19,1,0,0.0,0.0,0.0,17.0,,36,0.0,0.0,0.0,0.0,1,0.0,0.0,0.0,56.0,0.258
6.0,Juan Murcia,Centrocampistas,Valladolid U19,23,21,0.0,0.0,1.0,18.0,178.0,35,0.0,0.0,0.0,0.0,5,0.0,0.0,0.0,0.13,0.077
26.0,A. Tamargo,Centrocampistas,Atlético U19,13,7,0.0,0.0,1.0,18.0,,39,0.0,0.0,0.0,0.0,2,0.0,0.0,0.0,5.08,0.066
10.0,Nico,Delanteros,Alcorcón U19,1,1,0.0,0.0,0.0,18.0,178.0,37,0.0,0.0,0.0,0.0,15,0.0,0.0,0.0,-40.0,-0.178
20.0,A. Kobayashi,Centrocampistas,Alcorcón U19,3,1,0.0,0.0,0.0,,,26,0.0,0.0,0.0,0.0,15,0.0,0.0,0.0,-13.33,-0.051
18.0,T. Rainelli,Centrocampistas,Alcorcón U19,1,0,0.0,0.0,0.0,,,26,0.0,0.0,0.0,0.0,15,0.0,0.0,0.0,-40.0,-0.178
8.0,Tristán,Centrocampistas,Unión Adarve U19,15,13,0.0,0.0,2.0,19.0,,30,0.0,0.0,0.0,0.0,7,0.0,0.0,0.0,-0.07,0.05
23.0,T. Mohammed,Centrocampistas,Alcorcón U19,4,4,0.0,0.0,0.0,19.0,,26,0.0,0.0,0.0,0.0,15,0.0,0.0,0.0,-10.0,-0.032
6.0,Ivan Rivas,Centrocampistas,Unión Adarve U19,3,2,0.0,0.0,0.0,19.0,,30,0.0,0.0,0.0,0.0,7,0.0,0.0,0.0,-0.33,0.009
14.0,Ángel,Centrocampistas,Unión Adarve U19,7,2,0.0,0.0,2.0,19.0,,26,0.0,0.0,0.0,0.0,7,0.0,0.0,0.0,-0.14,0.023
14.0,R. Sánchez,Centrocampistas,Unión Adarve U19,1,0,0.0,0.0,0.0,,,27,0.0,0.0,0.0,0.0,7,0.0,0.0,0.0,-1.0,-0.001
17.0,Caballero,Centrocampistas,Unión Adarve U19,15,7,0.0,0.0,2.0,19.0,,26,0.0,0.0,0.0,0.0,7,0.0,0.0,0.0,-0.07,0.05
15.0,A. Santos,Centrocampistas,Unión Adarve U19,1,0,0.0,0.0,0.0,,,27,0.0,0.0,0.0,0.0,7,0.0,0.0,0.0,-1.0,-0.001
18.0,M. Martinez,Centrocampistas,Alcorcón U19,8,4,0.0,0.0,1.0,19.0,,26,0.0,0.0,0.0,0.0,15,0.0,0.0,0.0,-5.0,0.004
12.0,S. Marjani,Centrocampistas,Alcorcón U19,4,4,0.0,0.0,0.0,19.0,,33,0.0,0.0,0.0,0.0,15,0.0,0.0,0.0,-10.0,-0.032
8.0,Pedro Samso,Centrocampistas,Alcorcón U19,7,3,0.0,0.0,1.0,19.0,174.0,36,0.0,0.0,0.0,0.0,15,0.0,0.0,0.0,-5.71,-0.003
9.0,A. Siso,Delanteros,Unión Adarve U19,8,3,0.0,0.0,0.0,18.0,,26,0.0,0.0,0.0,0.0,7,0.0,0.0,0.0,-0.12,0.026
20.0,S. Salem,Centrocampistas,Alcorcón U19,6,5,0.0,0.0,1.0,19.0,,28,0.0,0.0,0.0,0.0,15,0.0,0.0,0.0,-6.67,-0.01
27.0,R. Perez,Delanteros,Unión Adarve U19,2,0,0.0,0.0,1.0,,,27,0.0,0.0,0.0,0.0,7,0.0,0.0,0.0,-0.5,0.004
12.0,H. Fernández,Defensas,Alcorcón U19,3,0,0.0,0.0,1.0,19.0,,36,0.0,0.0,0.0,0.0,15,0.0,0.0,0.0,-13.33,-0.051
4.0,A. Juma,Defensas,Valladolid U19,2,2,0.0,0.0,2.0,19.0,195.0,40,0.0,0.0,0.0,0.0,5,0.0,0.0,0.0,1.5,0.013
3.0,Diego Arco,Defensas,Valladolid U19,10,10,0.0,0.0,0.0,18.0,176.0,39,0.0,0.0,0.0,0.0,5,0.0,0.0,0.0,0.3,0.035
2.0,Miguel Flores,Defensas,Valladolid U19,21,16,0.0,0.0,3.0,19.0,,36,0.0,0.0,0.0,0.0,5,0.0,0.0,0.0,0.14,0.071
7.0,A. Perez,Centrocampistas,Alcorcón U19,22,17,0.0,0.0,3.0,19.0,,36,0.0,0.0,0.0,0.0,15,0.0,0.0,0.0,-1.82,0.065
4.0,D. Rodriguez,Defensas,Valladolid U19,3,1,0.0,0.0,1.0,17.0,,35,0.0,0.0,0.0,0.0,5,0.0,0.0,0.0,1.0,0.015
14.0,Sergio Esteban,Defensas,Valladolid U19,12,7,0.0,0.0,0.0,17.0,,36,0.0,0.0,0.0,0.0,5,0.0,0.0,0.0,0.25,0.041
3.0,I. Diaz,Defensas,Valladolid U19,1,1,0.0,0.0,0.0,17.0,,28,0.0,0.0,0.0,0.0,5,0.0,0.0,0.0,3.0,0.017
16.0,Gonza Cebrián,Defensas,Valladolid U19,3,0,0.0,0.0,0.0,18.0,,31,0.0,0.0,0.0,0.0,5,0.0,0.0,0.0,1.0,0.015
2.0,A. Garcia,Defensas,Valladolid U19,1,1,0.0,0.0,0.0,17.0,,26,0.0,0.0,0.0,0.0,5,0.0,0.0,0.0,3.0,0.017
14.0,I. Diaz,Defensas,Valladolid U19,2,0,0.0,0.0,0.0,,,26,0.0,0.0,0.0,0.0,5,0.0,0.0,0.0,1.5,0.013
23.0,B. Eid,Defensas,Alcorcón U19,2,2,0.0,0.0,0.0,,,26,0.0,0.0,0.0,0.0,15,0.0,0.0,0.0,-20.0,-0.084
20.0,L. Pinar,Defensas,Alcorcón U19,5,5,0.0,0.0,1.0,19.0,,36,0.0,0.0,0.0,0.0,15,0.0,0.0,0.0,-8.0,-0.02
28.0,S. Mc,Defensas,Alcorcón U19,12,12,0.0,0.0,2.0,17.0,,28,0.0,0.0,0.0,0.0,15,0.0,0.0,0.0,-3.33,0.025
12.0,Miguel,Defensas,Unión Adarve U19,10,3,0.0,0.0,0.0,19.0,,30,0.0,0.0,0.0,0.0,7,0.0,0.0,0.0,-0.1,0.033
15.0,A. Trilla,Defensas,Unión Adarve U19,14,6,0.0,0.0,6.0,18.0,,26,0.0,0.0,0.0,0.0,7,0.0,0.0,0.0,-0.07,0.046
23.0,Miguel Perales,Defensas,Real Madrid U19,13,7,0.0,0.0,1.0,18.0,,36,0.0,0.0,0.0,0.0,1,0.0,0.0,0.0,4.31,0.063
18.0,Thomas Grand,Centrocampistas,Valladolid U19,5,1,0.0,0.0,0.0,18.0,,29,0.0,0.0,0.0,0.0,5,0.0,0.0,0.0,0.6,0.019
26.0,J. Pleguezuelos,Defensas,Real Madrid U19,1,1,0.0,0.0,0.0,18.0,,33,0.0,0.0,0.0,0.0,1,0.0,0.0,0.0,56.0,0.258
26.0,L. Lemaitre,Defensas,Real Madrid U19,1,0,0.0,0.0,0.0,16.0,,27,0.0,0.0,0.0,0.0,1,0.0,0.0,0.0,56.0,0.258
32.0,C. Lardin,Defensas,Real Madrid U19,1,0,0.0,0.0,0.0,17.0,,26,0.0,0.0,0.0,0.0,1,0.0,0.0,0.0,56.0,0.258
22.0,David Fernández,Centrocampistas,Atlético U19,24,14,0.0,0.0,6.0,17.0,,36,0.0,0.0,0.0,0.0,2,0.0,0.0,0.0,2.75,0.093
6.0,Javier Díaz,Centrocampistas,Atlético U19,22,17,0.0,0.0,3.0,19.0,,42,0.0,0.0,0.0,0.0,2,0.0,0.0,0.0,3.0,0.087
2.0,A. Benitez,Defensas,Alcorcón U19,25,25,0.0,0.0,6.0,19.0,,37,0.0,0.0,0.0,0.0,15,0.0,0.0,0.0,-1.6,0.076
29.0,Beto,Centrocampistas,Real Madrid U19,4,1,0.0,0.0,0.0,18.0,,30,0.0,0.0,0.0,0.0,1,0.0,0.0,0.0,14.0,0.077
3.0,D. Pérez,Defensas,Atlético U19,11,4,0.0,0.0,0.0,18.0,193.0,37,0.0,0.0,0.0,0.0,2,0.0,0.0,0.0,6.0,0.064
6.0,Jorge Cestero,Centrocampistas,Real Madrid U19,20,15,0.0,0.0,6.0,19.0,,38,0.0,0.0,0.0,0.0,1,0.0,0.0,0.0,2.8,0.079
30.0,I. Gascón,Centrocampistas,Real Madrid U19,8,3,0.0,0.0,0.0,18.0,,31,0.0,0.0,0.0,0.0,1,0.0,0.0,0.0,7.0,0.058
4.0,I. Montero,Defensas,Alcorcón U19,24,18,0.0,0.0,4.0,19.0,,39,0.0,0.0,0.0,0.0,15,0.0,0.0,0.0,-1.67,0.072
17.0,Izan Muñoz,Defensas,Atlético U19,24,21,0.0,0.0,4.0,18.0,,36,0.0,0.0,0.0,0.0,2,0.0,0.0,0.0,2.75,0.093
28.0,R. Lopez,Centrocampistas,Real Madrid U19,1,0,0.0,0.0,0.0,17.0,,26,0.0,0.0,0.0,0.0,1,0.0,0.0,0.0,56.0,0.258
28.0,M. Viega,Centrocampistas,Real Madrid U19,1,0,0.0,0.0,0.0,18.0,,29,0.0,0.0,0.0,0.0,1,0.0,0.0,0.0,56.0,0.258
27.0,A. Serrano,Defensas,Alcorcón U19,15,13,0.0,0.0,6.0,17.0,,35,0.0,0.0,0.0,0.0,15,0.0,0.0,0.0,-2.67,0.038
6.0,Diego Ortega,Centrocampistas,Valladolid U19,18,7,0.0,0.0,3.0,18.0,,34,0.0,0.0,0.0,0.0,5,0.0,0.0,0.0,0.17,0.061
29.0,J. Martinez,Delanteros,Alcorcón U19,13,4,0.0,0.0,2.0,18.0,,31,0.0,0.0,0.0,0.0,15,0.0,0.0,0.0,-3.08,0.029
27.0,José Reyes,Delanteros,Real Madrid U19,2,0,0.0,0.0,0.0,17.0,,34,0.0,0.0,0.0,0.0,1,0.0,0.0,0.0,28.0,0.134
15.0,Raúl González,Delanteros,Alcorcón U19,19,10,0.0,0.0,1.0,18.0,,34,0.0,0.0,0.0,0.0,15,0.0,0.0,0.0,-2.11,0.054
15.0,Jose Torres,Defensas,Alcorcón U19,26,17,0.0,0.0,5.0,19.0,,33,0.0,0.0,0.0,0.0,15,0.0,0.0,0.0,-1.54,0.08
2.0,D. Rodriguez,Delanteros,Rayo Majadahonda U19,30,29,0.0,0.0,1.0,19.0,,38,0.0,0.0,0.0,0.0,13,0.0,0.0,0.0,-0.2,0.099
26.0,Alex Mora,Delanteros,Real Madrid U19,2,0,0.0,0.0,0.0,17.0,,26,0.0,0.0,0.0,0.0,1,0.0,0.0,0.0,28.0,0.134
28.0,Enzo Alves,Delanteros,Real Madrid U19,3,0,0.0,0.0,0.0,15.0,175.0,26,0.0,0.0,0.0,0.0,1,0.0,0.0,0.0,18.67,0.095
3.0,Wizner,Defensas,Unión Adarve U19,27,26,0.0,0.0,7.0,19.0,,39,0.0,0.0,0.0,0.0,7,0.0,0.0,0.0,-0.04,0.09
4.0,Patas,Defensas,Unión Adarve U19,15,15,0.0,0.0,8.0,19.0,,37,0.0,0.0,0.0,0.0,7,0.0,0.0,0.0,-0.07,0.05
24.0,Iñigo,Defensas,Unión Adarve U19,18,11,0.0,0.0,6.0,18.0,,27,0.0,0.0,0.0,0.0,7,0.0,0.0,0.0,-0.06,0.06
2.0,Joaquin,Defensas,Unión Adarve U19,10,4,0.0,0.0,1.0,19.0,,33,0.0,0.0,0.0,0.0,7,0.0,0.0,0.0,-0.1,0.033
15.0,A. Zapatero,Centrocampistas,Valladolid U19,2,0,0.0,0.0,0.0,16.0,,31,0.0,0.0,0.0,0.0,5,0.0,0.0,0.0,1.5,0.013
26.0,Melero,Defensas,Unión Adarve U19,20,14,0.0,0.0,7.0,18.0,,28,0.0,0.0,0.0,0.0,7,0.0,0.0,0.0,-0.05,0.066
27.0,S. Eddoghmi,Delanteros,Rayo Majadahonda U19,1,0,0.0,0.0,0.0,18.0,,29,0.0,0.0,0.0,0.0,13,0.0,0.0,0.0,-6.0,-0.024
11.0,R. Poteras,Centrocampistas,CD Móstoles U19,13,1,0.0,0.0,2.0,19.0,,26,0.0,0.0,0.0,0.0,14,0.0,0.0,0.0,-2.54,0.032
28.0,I. Garcia,Centrocampistas,Rayo Majadahonda U19,3,0,0.0,0.0,1.0,18.0,,26,0.0,0.0,0.0,0.0,13,0.0,0.0,0.0,-2.0,0.001
5.0,A. Nastasescu,Centrocampistas,CD Móstoles U19,22,21,0.0,0.0,2.0,19.0,,33,0.0,0.0,0.0,0.0,14,0.0,0.0,0.0,-1.5,0.067
4.0,Hugo Pliego,Delanteros,Getafe U19,18,12,0.0,0.0,5.0,18.0,,34,0.0,0.0,0.0,0.0,4,0.0,0.0,0.0,0.22,0.061
9.0,J. Peralta,Delanteros,Getafe U19,11,3,0.0,0.0,1.0,19.0,174.0,35,0.0,0.0,0.0,0.0,4,0.0,0.0,0.0,0.36,0.038
23.0,Luis Bengoechea,Delanteros,Getafe U19,19,2,0.0,0.0,1.0,19.0,175.0,33,0.0,0.0,0.0,0.0,4,0.0,0.0,0.0,0.21,0.064
2.0,A. Ruiz,Defensas,La Cruz Villanovense U19,15,14,0.0,0.0,0.0,18.0,,30,0.0,0.0,0.0,0.0,11,0.0,0.0,0.0,-0.93,0.046
2.0,Gregorio Javier,Defensas,La Cruz Villanovense U19,25,21,0.0,0.0,9.0,19.0,,35,0.0,0.0,0.0,0.0,11,0.0,0.0,0.0,-0.56,0.081
2.0,Cristian Casado,Defensas,La Cruz Villanovense U19,14,10,0.0,0.0,1.0,19.0,,33,0.0,0.0,0.0,0.0,11,0.0,0.0,0.0,-1.0,0.042
4.0,D. Caro,Defensas,CD Móstoles U19,4,0,0.0,0.0,0.0,,,26,0.0,0.0,0.0,0.0,14,0.0,0.0,0.0,-8.25,-0.024
15.0,I. Casanova,Defensas,CD Móstoles U19,3,1,0.0,0.0,0.0,,,26,0.0,0.0,0.0,0.0,14,0.0,0.0,0.0,-11.0,-0.04
12.0,J. Jose,Defensas,La Cruz Villanovense U19,7,6,0.0,0.0,4.0,19.0,,37,0.0,0.0,0.0,0.0,11,0.0,0.0,0.0,-2.0,0.014
3.0,A. Garcia,Defensas,La Cruz Villanovense U19,18,16,0.0,0.0,2.0,18.0,,35,0.0,0.0,0.0,0.0,11,0.0,0.0,0.0,-0.78,0.056
12.0,Isra García,Defensas,La Cruz Villanovense U19,15,5,0.0,0.0,4.0,19.0,,34,0.0,0.0,0.0,0.0,11,0.0,0.0,0.0,-0.93,0.046
75.0,O. Rodriguez,Defensas,CD Móstoles U19,3,3,0.0,0.0,0.0,19.0,,26,0.0,0.0,0.0,0.0,14,0.0,0.0,0.0,-11.0,-0.04
10.0,D. Rodríguez,Centrocampistas,La Cruz Villanovense U19,30,30,0.0,0.0,3.0,19.0,,34,0.0,0.0,0.0,0.0,11,0.0,0.0,0.0,-0.47,0.098
18.0,S. Torres,Centrocampistas,La Cruz Villanovense U19,17,10,0.0,0.0,4.0,19.0,,41,0.0,0.0,0.0,0.0,11,0.0,0.0,0.0,-0.82,0.053
16.0,J. Gallardo,Centrocampistas,La Cruz Villanovense U19,26,10,0.0,0.0,7.0,19.0,,32,0.0,0.0,0.0,0.0,11,0.0,0.0,0.0,-0.54,0.084
17.0,Nemanja Bojanić,Centrocampistas,La Cruz Villanovense U19,9,1,0.0,0.0,0.0,19.0,,31,0.0,0.0,0.0,0.0,11,0.0,0.0,0.0,-1.56,0.023
17.0,Jesús Rei,Centrocampistas,La Cruz Villanovense U19,1,0,0.0,0.0,0.0,19.0,,33,0.0,0.0,0.0,0.0,11,0.0,0.0,0.0,-14.0,-0.06
12.0,M. Zuhail,Centrocampistas,La Cruz Villanovense U19,3,0,0.0,0.0,0.0,18.0,,34,0.0,0.0,0.0,0.0,11,0.0,0.0,0.0,-4.67,-0.011
15.0,A. Hernandez,Centrocampistas,La Cruz Villanovense U19,5,1,0.0,0.0,0.0,18.0,,26,0.0,0.0,0.0,0.0,11,0.0,0.0,0.0,-2.8,0.004
18.0,D. Martinez,Defensas,CD Móstoles U19,6,0,0.0,0.0,1.0,,,26,0.0,0.0,0.0,0.0,14,0.0,0.0,0.0,-5.5,-0.005
14.0,A. Foj,Defensas,CD Móstoles U19,25,13,0.0,0.0,2.0,19.0,,29,0.0,0.0,0.0,0.0,14,0.0,0.0,0.0,-1.32,0.077
14.0,M. Savane,Delanteros,La Cruz Villanovense U19,3,0,0.0,0.0,0.0,18.0,,26,0.0,0.0,0.0,0.0,11,0.0,0.0,0.0,-4.67,-0.011
6.0,E. Domínguez,Delanteros,La Cruz Villanovense U19,1,1,0.0,0.0,0.0,17.0,172.0,27,0.0,0.0,0.0,0.0,11,0.0,0.0,0.0,-14.0,-0.06
2.0,N. Ebe,Defensas,CD Móstoles U19,24,13,0.0,0.0,1.0,18.0,,35,0.0,0.0,0.0,0.0,14,0.0,0.0,0.0,-1.38,0.074
3.0,C. Gonzalez,Defensas,Las Rozas CF U19,19,6,0.0,0.0,0.0,19.0,,34,0.0,0.0,0.0,0.0,10,0.0,0.0,0.0,-0.58,0.061
15.0,M. Sainz,Defensas,Las Rozas CF U19,4,3,0.0,0.0,0.0,19.0,,28,0.0,0.0,0.0,0.0,10,0.0,0.0,0.0,-2.75,0.001
17.0,D. Montero,Defensas,CD Móstoles U19,13,8,0.0,0.0,2.0,19.0,,37,0.0,0.0,0.0,0.0,14,0.0,0.0,0.0,-2.54,0.032
8.0,J. Belda,Centrocampistas,Las Rozas CF U19,25,13,0.0,0.0,5.0,19.0,,34,0.0,0.0,0.0,0.0,10,0.0,0.0,0.0,-0.44,0.081
27.0,E. Pardal,Centrocampistas,Las Rozas CF U19,7,6,0.0,0.0,1.0,18.0,,27,0.0,0.0,0.0,0.0,10,0.0,0.0,0.0,-1.57,0.016
3.0,H. Polo,Delanteros,Getafe U19,20,18,0.0,0.0,3.0,18.0,180.0,38,0.0,0.0,0.0,0.0,4,0.0,0.0,0.0,0.2,0.068
6.0,I. Montoya,Centrocampistas,Getafe U19,16,7,0.0,0.0,4.0,19.0,,36,0.0,0.0,0.0,0.0,4,0.0,0.0,0.0,0.25,0.054
19.0,Nicolas Feiguin,Defensas,CD Móstoles U19,19,19,0.0,0.0,6.0,19.0,187.0,35,0.0,0.0,0.0,0.0,14,0.0,0.0,0.0,-1.74,0.055
19.0,E. Pardal,Centrocampistas,Getafe U19,5,0,0.0,0.0,0.0,18.0,,27,0.0,0.0,0.0,0.0,4,0.0,0.0,0.0,0.8,0.02
10.0,D. Ortega,Defensas,Fuenlabrada U19,23,16,1.0,0.0,6.0,19.0,,37,0.04,0.0,1.0,0.04,16,3.03,1.65,0.0,-1.39,0.094
4.0,G. Del Olmo,Defensas,Fuenlabrada U19,18,17,0.0,0.0,5.0,19.0,,35,0.0,0.0,0.0,0.0,16,0.0,0.0,0.0,-1.78,0.052
3.0,H. Fernández,Defensas,Fuenlabrada U19,17,12,0.0,0.0,4.0,19.0,,36,0.0,0.0,0.0,0.0,16,0.0,0.0,0.0,-1.88,0.048
8.0,A. Buono,Defensas,Fuenlabrada U19,26,22,0.0,0.0,1.0,19.0,176.0,29,0.0,0.0,0.0,0.0,16,0.0,0.0,0.0,-1.23,0.081
27.0,N. Rincon,Defensas,Fuenlabrada U19,17,10,0.0,0.0,2.0,18.0,,30,0.0,0.0,0.0,0.0,16,0.0,0.0,0.0,-1.88,0.048
22.0,J. Prieto,Defensas,Fuenlabrada U19,1,0,0.0,0.0,0.0,,,37,0.0,0.0,0.0,0.0,16,0.0,0.0,0.0,-32.0,-0.142
12.0,M. Ojeda,Defensas,Fuenlabrada U19,9,5,0.0,0.0,0.0,,,27,0.0,0.0,0.0,0.0,16,0.0,0.0,0.0,-3.56,0.014
2.0,Adrián Jurado,Defensas,Fuenlabrada U19,7,1,0.0,0.0,1.0,19.0,,26,0.0,0.0,0.0,0.0,16,0.0,0.0,0.0,-4.57,0.003
6.0,C. Sanchez,Centrocampistas,Fuenlabrada U19,11,9,0.0,0.0,1.0,19.0,,41,0.0,0.0,0.0,0.0,16,0.0,0.0,0.0,-2.91,0.023
16.0,I. Redondo,Centrocampistas,Fuenlabrada U19,23,23,1.0,0.0,8.0,19.0,,31,0.04,0.0,1.0,0.04,16,3.03,1.65,0.0,-1.39,0.094
26.0,Y. Rioja,Centrocampistas,Fuenlabrada U19,1,1,0.0,0.0,0.0,19.0,,28,0.0,0.0,0.0,0.0,16,0.0,0.0,0.0,-32.0,-0.142
28.0,R. Perez,Centrocampistas,Fuenlabrada U19,25,22,0.0,0.0,7.0,18.0,,29,0.0,0.0,0.0,0.0,16,0.0,0.0,0.0,-1.28,0.078
6.0,H. Luquin,Centrocampistas,Fuenlabrada U19,2,0,0.0,0.0,0.0,18.0,,31,0.0,0.0,0.0,0.0,16,0.0,0.0,0.0,-16.0,-0.066
2.0,S. Marjani,Centrocampistas,Fuenlabrada U19,1,0,0.0,0.0,0.0,19.0,,33,0.0,0.0,0.0,0.0,16,0.0,0.0,0.0,-32.0,-0.142
6.0,J. Nguyen,Centrocampistas,Fuenlabrada U19,11,8,0.0,0.0,2.0,,,27,0.0,0.0,0.0,0.0,16,0.0,0.0,0.0,-2.91,0.023
20.0,Y. El Massoudi,Centrocampistas,Fuenlabrada U19,3,0,0.0,0.0,0.0,18.0,,26,0.0,0.0,0.0,0.0,16,0.0,0.0,0.0,-10.67,-0.038
72.0,J. Sanabria,Delanteros,Fuenlabrada U19,1,0,0.0,0.0,0.0,18.0,,30,0.0,0.0,0.0,0.0,16,0.0,0.0,0.0,-32.0,-0.142
14.0,M. Rojas,Delanteros,Fuenlabrada U19,15,1,0.0,0.0,2.0,19.0,,31,0.0,0.0,0.0,0.0,16,0.0,0.0,0.0,-2.13,0.04
7.0,R. García,Delanteros,Fuenlabrada U19,15,6,0.0,0.0,1.0,19.0,174.0,26,0.0,0.0,0.0,0.0,16,0.0,0.0,0.0,-2.13,0.04
28.0,R. Iniesta,Centrocampistas,CD Móstoles U19,4,1,0.0,0.0,0.0,17.0,,26,0.0,0.0,0.0,0.0,14,0.0,0.0,0.0,-8.25,-0.024
20.0,P. Muñoz,Centrocampistas,CD Móstoles U19,4,0,0.0,0.0,0.0,19.0,,30,0.0,0.0,0.0,0.0,14,0.0,0.0,0.0,-8.25,-0.024
4.0,I. Duran,Centrocampistas,CD Móstoles U19,7,6,0.0,0.0,1.0,19.0,,33,0.0,0.0,0.0,0.0,14,0.0,0.0,0.0,-4.71,0.002
6.0,R. Nava,Centrocampistas,CD Móstoles U19,18,7,0.0,0.0,2.0,19.0,,27,0.0,0.0,0.0,0.0,14,0.0,0.0,0.0,-1.83,0.052
2.0,D. Hernandez,Defensas,Getafe U19,6,1,0.0,0.0,0.0,19.0,,27,0.0,0.0,0.0,0.0,4,0.0,0.0,0.0,0.67,0.023
18.0,N. Maroto,Defensas,Getafe U19,2,0,0.0,0.0,0.0,,,26,0.0,0.0,0.0,0.0,4,0.0,0.0,0.0,2.0,0.016
22.0,D. Trompeta,Centrocampistas,CD Móstoles U19,24,13,0.0,0.0,6.0,18.0,,27,0.0,0.0,0.0,0.0,14,0.0,0.0,0.0,-1.38,0.074
8.0,S. Del Rio,Centrocampistas,CD Móstoles U19,11,6,0.0,0.0,0.0,17.0,,30,0.0,0.0,0.0,0.0,14,0.0,0.0,0.0,-3.0,0.023
28.0,A. Gonzalez,Centrocampistas,Getafe U19,2,2,0.0,0.0,0.0,18.0,,32,0.0,0.0,0.0,0.0,4,0.0,0.0,0.0,2.0,0.016
4.0,M. Cachinero,Centrocampistas,CD Móstoles U19,3,2,0.0,0.0,1.0,19.0,,35,0.0,0.0,0.0,0.0,14,0.0,0.0,0.0,-11.0,-0.04
28.0,A. Urkia,Centrocampistas,Las Rozas CF U19,5,2,0.0,0.0,0.0,18.0,,26,0.0,0.0,0.0,0.0,10,0.0,0.0,0.0,-2.2,0.007
12.0,M. Miranda,Defensas,CD Móstoles U19,27,26,0.0,0.0,7.0,19.0,185.0,36,0.0,0.0,0.0,0.0,14,0.0,0.0,0.0,-1.22,0.084
19.0,L. Arbó,Centrocampistas,Rayo Majadahonda U19,2,0,0.0,0.0,0.0,19.0,,26,0.0,0.0,0.0,0.0,13,0.0,0.0,0.0,-3.0,-0.007
19.0,Luis Bravo,Delanteros,Leganés U19,1,0,0.0,0.0,0.0,19.0,,26,0.0,0.0,0.0,0.0,3,0.0,0.0,0.0,26.0,0.122
3.0,D. Perez,Defensas,Rayo C. Alcobendas U19,25,23,0.0,0.0,3.0,18.0,,32,0.0,0.0,0.0,0.0,12,0.0,0.0,0.0,-0.44,0.081
5.0,C. Alonso,Defensas,Rayo C. Alcobendas U19,5,5,0.0,0.0,1.0,18.0,183.0,30,0.0,0.0,0.0,0.0,12,0.0,0.0,0.0,-2.2,0.007
11.0,P. Madruga,Delanteros,Burgos U19,4,1,0.0,0.0,0.0,17.0,,27,0.0,0.0,0.0,0.0,9,0.0,0.0,0.0,-0.25,0.012
15.0,S. Galan,Centrocampistas,Rayo C. Alcobendas U19,10,3,0.0,0.0,2.0,19.0,,36,0.0,0.0,0.0,0.0,12,0.0,0.0,0.0,-1.1,0.028
17.0,A. Hernandez,Centrocampistas,Rayo C. Alcobendas U19,4,2,0.0,0.0,0.0,,,30,0.0,0.0,0.0,0.0,12,0.0,0.0,0.0,-2.75,0.001
17.0,C. Ligua,Centrocampistas,Rayo C. Alcobendas U19,9,4,0.0,0.0,1.0,19.0,,27,0.0,0.0,0.0,0.0,12,0.0,0.0,0.0,-1.22,0.024
7.0,A. Matías,Delanteros,Burgos U19,15,8,0.0,0.0,0.0,18.0,,29,0.0,0.0,0.0,0.0,9,0.0,0.0,0.0,-0.07,0.05
11.0,Chypryan Perez,Delanteros,Rayo C. Alcobendas U19,22,15,0.0,0.0,3.0,19.0,,37,0.0,0.0,0.0,0.0,12,0.0,0.0,0.0,-0.5,0.071
17.0,H. Duran,Delanteros,Rayo C. Alcobendas U19,5,0,0.0,0.0,0.0,19.0,,38,0.0,0.0,0.0,0.0,12,0.0,0.0,0.0,-2.2,0.007
17.0,Marc Mujal,Delanteros,Rayo C. Alcobendas U19,7,5,0.0,0.0,0.0,18.0,179.0,31,0.0,0.0,0.0,0.0,12,0.0,0.0,0.0,-1.57,0.016
10.0,Nelson Vazquez,Delanteros,CD Móstoles U19,19,7,0.0,0.0,0.0,19.0,,30,0.0,0.0,0.0,0.0,14,0.0,0.0,0.0,-1.74,0.055
16.0,I. Velez,Delanteros,Rayo C. Alcobendas U19,6,1,0.0,0.0,1.0,19.0,,26,0.0,0.0,0.0,0.0,12,0.0,0.0,0.0,-1.83,0.012
16.0,Daniel Cupido,Defensas,Rayo Majadahonda U19,2,1,0.0,0.0,0.0,19.0,,39,0.0,0.0,0.0,0.0,13,0.0,0.0,0.0,-3.0,-0.007
5.0,Buje,Defensas,Rayo Majadahonda U19,13,11,0.0,0.0,2.0,19.0,,40,0.0,0.0,0.0,0.0,13,0.0,0.0,0.0,-0.46,0.041
19.0,Diego Arcos,Defensas,Rayo Majadahonda U19,14,14,0.0,0.0,2.0,19.0,,36,0.0,0.0,0.0,0.0,13,0.0,0.0,0.0,-0.43,0.045
10.0,S. Rubio,Delanteros,Burgos U19,9,2,0.0,0.0,1.0,,,32,0.0,0.0,0.0,0.0,9,0.0,0.0,0.0,-0.11,0.03
12.0,M. De Vega,Defensas,Rayo Majadahonda U19,22,15,0.0,0.0,1.0,19.0,,35,0.0,0.0,0.0,0.0,13,0.0,0.0,0.0,-0.27,0.072
21.0,Victor Clavo,Defensas,Rayo Majadahonda U19,20,4,0.0,0.0,4.0,19.0,,36,0.0,0.0,0.0,0.0,13,0.0,0.0,0.0,-0.3,0.065
6.0,J. Alvarez,Defensas,Rayo Majadahonda U19,12,4,0.0,0.0,1.0,19.0,,34,0.0,0.0,0.0,0.0,13,0.0,0.0,0.0,-0.5,0.038
26.0,A. Iglesia,Defensas,Rayo Majadahonda U19,1,0,0.0,0.0,0.0,,,27,0.0,0.0,0.0,0.0,13,0.0,0.0,0.0,-6.0,-0.024
14.0,J. Nogales,Defensas,Rayo Majadahonda U19,3,0,0.0,0.0,0.0,18.0,,35,0.0,0.0,0.0,0.0,13,0.0,0.0,0.0,-2.0,0.001
32.0,A. Rissone,Defensas,Rayo Majadahonda U19,1,0,0.0,0.0,0.0,,,26,0.0,0.0,0.0,0.0,13,0.0,0.0,0.0,-6.0,-0.024
15.0,Pablo Pascual,Centrocampistas,Rayo Majadahonda U19,5,5,0.0,0.0,1.0,19.0,,37,0.0,0.0,0.0,0.0,13,0.0,0.0,0.0,-1.2,0.011
16.0,A. Cámara,Centrocampistas,Burgos U19,12,4,0.0,0.0,0.0,,,26,0.0,0.0,0.0,0.0,9,0.0,0.0,0.0,-0.08,0.04
7.0,G. Gazapo,Centrocampistas,Rayo Majadahonda U19,22,12,0.0,0.0,4.0,19.0,,38,0.0,0.0,0.0,0.0,13,0.0,0.0,0.0,-0.27,0.072
18.0,Rubén Municio,Centrocampistas,Rayo Majadahonda U19,17,11,0.0,0.0,1.0,19.0,,35,0.0,0.0,0.0,0.0,13,0.0,0.0,0.0,-0.35,0.055
27.0,H. Antequera,Centrocampistas,Rayo Majadahonda U19,4,0,0.0,0.0,0.0,17.0,,29,0.0,0.0,0.0,0.0,13,0.0,0.0,0.0,-1.5,0.007
29.0,U. Sabroso,Centrocampistas,Rayo Majadahonda U19,9,2,0.0,0.0,0.0,,,32,0.0,0.0,0.0,0.0,13,0.0,0.0,0.0,-0.67,0.027
8.0,R. Diaz,Centrocampistas,Rayo Majadahonda U19,7,7,0.0,0.0,2.0,18.0,,28,0.0,0.0,0.0,0.0,13,0.0,0.0,0.0,-0.86,0.019
2.0,Krishna,Defensas,CD Diocesano U19,6,2,0.0,0.0,0.0,19.0,,39,0.0,0.0,0.0,0.0,8,0.0,0.0,0.0,-1.5,0.013
28.0,I. Bachiller,Delanteros,Leganés U19,4,0,0.0,0.0,0.0,18.0,,30,0.0,0.0,0.0,0.0,3,0.0,0.0,0.0,6.5,0.043
17.0,I. Nieto,Delanteros,Las Rozas CF U19,19,16,0.0,0.0,3.0,19.0,,30,0.0,0.0,0.0,0.0,10,0.0,0.0,0.0,-0.58,0.061
21.0,J. García,Defensas,CD Diocesano U19,24,24,0.0,0.0,6.0,19.0,,34,0.0,0.0,0.0,0.0,8,0.0,0.0,0.0,-0.38,0.078
18.0,G. Barajas,Delanteros,Las Rozas CF U19,11,5,0.0,0.0,1.0,18.0,,26,0.0,0.0,0.0,0.0,10,0.0,0.0,0.0,-1.0,0.032
24.0,M. Romero,Delanteros,Las Rozas CF U19,2,1,0.0,0.0,0.0,16.0,,26,0.0,0.0,0.0,0.0,10,0.0,0.0,0.0,-5.5,-0.018
5.0,L. Fati,Defensas,Leganés U19,3,3,0.0,0.0,1.0,19.0,180.0,40,0.0,0.0,0.0,0.0,3,0.0,0.0,0.0,8.67,0.049
24.0,M. Galapero,Delanteros,CD Diocesano U19,4,2,0.0,0.0,0.0,18.0,,32,0.0,0.0,0.0,0.0,8,0.0,0.0,0.0,-2.25,0.003
20.0,H. Pineda,Delanteros,CD Diocesano U19,12,2,0.0,0.0,0.0,19.0,,41,0.0,0.0,0.0,0.0,8,0.0,0.0,0.0,-0.75,0.037
4.0,Diego Arcos,Defensas,Leganés U19,7,7,0.0,0.0,2.0,19.0,,36,0.0,0.0,0.0,0.0,3,0.0,0.0,0.0,3.71,0.04
29.0,Hugo Velón,Defensas,Leganés U19,5,1,0.0,0.0,0.0,17.0,,30,0.0,0.0,0.0,0.0,3,0.0,0.0,0.0,5.2,0.04
5.0,J. Jurado,Defensas,Leganés U19,4,3,0.0,0.0,1.0,18.0,,35,0.0,0.0,0.0,0.0,3,0.0,0.0,0.0,6.5,0.043
12.0,L. Pinar,Defensas,Leganés U19,4,2,0.0,0.0,0.0,19.0,,36,0.0,0.0,0.0,0.0,3,0.0,0.0,0.0,6.5,0.043
15.0,D. Lorenzo,Defensas,Leganés U19,18,10,0.0,0.0,3.0,18.0,,32,0.0,0.0,0.0,0.0,3,0.0,0.0,0.0,1.44,0.067
4.0,D. Gueye,Defensas,Leganés U19,9,9,0.0,0.0,3.0,,,32,0.0,0.0,0.0,0.0,3,0.0,0.0,0.0,2.89,0.043
14.0,Sergio Calle,Defensas,Leganés U19,4,0,0.0,0.0,0.0,19.0,176.0,32,0.0,0.0,0.0,0.0,3,0.0,0.0,0.0,6.5,0.043
18.0,L. Mirzaev,Defensas,Leganés U19,1,0,0.0,0.0,0.0,,,26,0.0,0.0,0.0,0.0,3,0.0,0.0,0.0,26.0,0.122
27.0,Nima Andarz,Defensas,Leganés U19,3,1,0.0,0.0,0.0,19.0,181.0,26,0.0,0.0,0.0,0.0,3,0.0,0.0,0.0,8.67,0.049
14.0,A. Marena,Centrocampistas,CD Diocesano U19,12,1,0.0,0.0,1.0,,,26,0.0,0.0,0.0,0.0,8,0.0,0.0,0.0,-0.75,0.037
26.0,J. Muñoz,Centrocampistas,CD Diocesano U19,8,0,0.0,0.0,0.0,18.0,,26,0.0,0.0,0.0,0.0,8,0.0,0.0,0.0,-1.12,0.022
11.0,Ramón Cornejo,Centrocampistas,CD Diocesano U19,30,16,0.0,0.0,2.0,19.0,,36,0.0,0.0,0.0,0.0,8,0.0,0.0,0.0,-0.3,0.099
20.0,C. Francisco,Centrocampistas,CD Diocesano U19,12,11,0.0,0.0,2.0,,,33,0.0,0.0,0.0,0.0,8,0.0,0.0,0.0,-0.75,0.037
4.0,A. Gordillo,Centrocampistas,CD Diocesano U19,20,13,0.0,0.0,3.0,18.0,176.0,40,0.0,0.0,0.0,0.0,8,0.0,0.0,0.0,-0.45,0.065
6.0,Tuki,Centrocampistas,CD Diocesano U19,26,17,0.0,0.0,6.0,19.0,,38,0.0,0.0,0.0,0.0,8,0.0,0.0,0.0,-0.35,0.085
27.0,C. Belda,Centrocampistas,Leganés U19,1,1,0.0,0.0,0.0,,,30,0.0,0.0,0.0,0.0,3,0.0,0.0,0.0,26.0,0.122
29.0,R. Martin,Centrocampistas,Leganés U19,2,1,0.0,0.0,0.0,17.0,,31,0.0,0.0,0.0,0.0,3,0.0,0.0,0.0,13.0,0.066
27.0,I. Heras,Centrocampistas,Leganés U19,7,5,0.0,0.0,1.0,,,27,0.0,0.0,0.0,0.0,3,0.0,0.0,0.0,3.71,0.04
12.0,A. Gomez,Centrocampistas,Leganés U19,13,4,0.0,0.0,1.0,19.0,,33,0.0,0.0,0.0,0.0,3,0.0,0.0,0.0,2.0,0.052
3.0,A. Kocas,Defensas,CD Diocesano U19,1,1,0.0,0.0,0.0,,,26,0.0,0.0,0.0,0.0,8,0.0,0.0,0.0,-9.0,-0.038
6.0,R. Camara,Centrocampistas,Leganés U19,3,3,0.0,0.0,0.0,,,26,0.0,0.0,0.0,0.0,3,0.0,0.0,0.0,8.67,0.049
16.0,M. Beltran,Defensas,CD Diocesano U19,16,2,0.0,0.0,1.0,18.0,,35,0.0,0.0,0.0,0.0,8,0.0,0.0,0.0,-0.56,0.051
28.0,A. Pestana,Delanteros,Leganés U19,1,0,0.0,0.0,0.0,18.0,,28,0.0,0.0,0.0,0.0,3,0.0,0.0,0.0,26.0,0.122
14.0,Antonio Fernández,Defensas,CD Diocesano U19,3,1,0.0,0.0,0.0,19.0,,37,0.0,0.0,0.0,0.0,8,0.0,0.0,0.0,-3.0,-0.004
35.0,D. Castaño,Defensas,Alcorcón U19,7,7,0.0,0.0,2.0,,,31,0.0,0.0,0.0,0.0,15,0.0,0.0,0.0,-5.71,-0.003
